{
  "generator-jhipster": {
    "promptValues": {
      "packageName": "com.diviso.admin",
      "nativeLanguage": "en"
    },
    "jhipsterVersion": "4.14.0",
    "baseName": "Adminservices",
    "packageName": "com.diviso.admin",
    "packageFolder": "com/diviso/admin",
    "serverPort": "8082",
    "authenticationType": "oauth2",
    "cacheProvider": "hazelcast",
    "enableHibernateCache": true,
    "websocket": false,
    "databaseType": "sql",
    "devDatabaseType": "mysql",
    "prodDatabaseType": "mysql",
    "searchEngine": false,
    "messageBroker": false,
    "serviceDiscoveryType": "eureka",
    "buildTool": "maven",
    "enableSocialSignIn": false,
    "enableSwaggerCodegen": false,
    "jwtSecretKey": "3088c87a70f7cde955c99f6fc8f3304f79aa8206",
    "enableTranslation": true,
    "applicationType": "microservice",
    "testFrameworks": [
      "cucumber"
    ],
    "jhiPrefix": "jhi",
    "otherModules": [],
    "nativeLanguage": "en",
    "languages": [
      "en",
      "ta"
    ],
    "clientPackageManager": "yarn",
    "skipClient": true,
    "skipUserManagement": true
  }
}