{
    "fluentMethods": true,
    "relationships": [
        {
            "relationshipName": "shop",
            "otherEntityName": "shop",
            "relationshipType": "many-to-one",
            "otherEntityField": "id"
        },
        {
            "relationshipType": "one-to-many",
            "relationshipName": "country",
            "otherEntityName": "country",
            "otherEntityRelationshipName": "address"
        }
    ],
    "fields": [
        {
            "fieldName": "addressLine1",
            "fieldType": "String"
        },
        {
            "fieldName": "addressLine2",
            "fieldType": "String"
        },
        {
            "fieldName": "pin",
            "fieldType": "Long"
        }
    ],
    "changelogDate": "20180216043834",
    "entityTableName": "address",
    "dto": "mapstruct",
    "pagination": "pagination",
    "service": "serviceImpl",
    "jpaMetamodelFiltering": false,
    "microserviceName": "Adminservices"
}