{
    "fluentMethods": true,
    "relationships": [
        {
            "relationshipName": "state",
            "otherEntityName": "state",
            "relationshipType": "many-to-one",
            "otherEntityField": "id"
        }
    ],
    "fields": [
        {
            "fieldName": "name",
            "fieldType": "String"
        }
    ],
    "changelogDate": "20180216043833",
    "entityTableName": "city",
    "dto": "mapstruct",
    "pagination": "pagination",
    "service": "serviceImpl",
    "jpaMetamodelFiltering": false,
    "microserviceName": "Adminservices"
}