{
    "fluentMethods": true,
    "relationships": [],
    "fields": [
        {
            "fieldName": "phoneNumber",
            "fieldType": "Long"
        },
        {
            "fieldName": "mobileNumber",
            "fieldType": "Long"
        },
        {
            "fieldName": "eMail",
            "fieldType": "String"
        },
        {
            "fieldName": "webSite",
            "fieldType": "String"
        }
    ],
    "changelogDate": "20180216043830",
    "entityTableName": "contact",
    "dto": "mapstruct",
    "pagination": "pagination",
    "service": "serviceImpl",
    "jpaMetamodelFiltering": false,
    "microserviceName": "Adminservices"
}