{
    "fluentMethods": true,
    "relationships": [
        {
            "relationshipType": "one-to-many",
            "relationshipName": "state",
            "otherEntityName": "state",
            "otherEntityRelationshipName": "country"
        },
        {
            "relationshipName": "address",
            "otherEntityName": "address",
            "relationshipType": "many-to-one",
            "otherEntityField": "id"
        }
    ],
    "fields": [
        {
            "fieldName": "sortName",
            "fieldType": "String"
        },
        {
            "fieldName": "name",
            "fieldType": "String"
        },
        {
            "fieldName": "phoneCode",
            "fieldType": "Integer"
        }
    ],
    "changelogDate": "20180216043831",
    "entityTableName": "country",
    "dto": "mapstruct",
    "pagination": "pagination",
    "service": "serviceImpl",
    "jpaMetamodelFiltering": false,
    "microserviceName": "Adminservices"
}