{
    "fluentMethods": true,
    "relationships": [],
    "fields": [
        {
            "fieldName": "terminalName",
            "fieldType": "String"
        },
        {
            "fieldName": "logo",
            "fieldType": "byte[]",
            "fieldTypeBlobContent": "any"
        },
        {
            "fieldName": "text",
            "fieldType": "byte[]",
            "fieldTypeBlobContent": "any"
        }
    ],
    "changelogDate": "20180216043835",
    "entityTableName": "generals",
    "dto": "mapstruct",
    "pagination": "pagination",
    "service": "serviceImpl",
    "jpaMetamodelFiltering": false,
    "microserviceName": "Adminservices"
}