{
    "fluentMethods": true,
    "relationships": [
        {
            "relationshipType": "one-to-one",
            "relationshipName": "address",
            "otherEntityName": "address",
            "otherEntityField": "id",
            "ownerSide": true,
            "otherEntityRelationshipName": "organisation"
        },
        {
            "relationshipType": "one-to-one",
            "relationshipName": "contact",
            "otherEntityName": "contact",
            "otherEntityField": "id",
            "ownerSide": true,
            "otherEntityRelationshipName": "organisation"
        },
        {
            "relationshipType": "one-to-many",
            "relationshipName": "shop",
            "otherEntityName": "shop",
            "otherEntityRelationshipName": "organisation"
        }
    ],
    "fields": [
        {
            "fieldName": "name",
            "fieldType": "String"
        },
        {
            "fieldName": "numberOfShops",
            "fieldType": "Long"
        },
        {
            "fieldName": "image",
            "fieldType": "byte[]",
            "fieldTypeBlobContent": "any"
        }
    ],
    "changelogDate": "20180216043828",
    "entityTableName": "organisation",
    "dto": "mapstruct",
    "pagination": "pagination",
    "service": "serviceImpl",
    "jpaMetamodelFiltering": false,
    "microserviceName": "Adminservices"
}