{
    "fluentMethods": true,
    "relationships": [
        {
            "relationshipName": "organisation",
            "otherEntityName": "organisation",
            "relationshipType": "many-to-one",
            "otherEntityField": "id"
        },
        {
            "relationshipType": "one-to-one",
            "relationshipName": "contact",
            "otherEntityName": "contact",
            "otherEntityField": "id",
            "ownerSide": true,
            "otherEntityRelationshipName": "shop"
        },
        {
            "relationshipType": "one-to-many",
            "relationshipName": "address",
            "otherEntityName": "address",
            "otherEntityRelationshipName": "shop"
        }
    ],
    "fields": [
        {
            "fieldName": "name",
            "fieldType": "String"
        },
        {
            "fieldName": "tinNumber",
            "fieldType": "String"
        },
        {
            "fieldName": "cstNumber",
            "fieldType": "String"
        },
        {
            "fieldName": "gstNumber",
            "fieldType": "String"
        },
        {
            "fieldName": "image",
            "fieldType": "byte[]",
            "fieldTypeBlobContent": "any"
        }
    ],
    "changelogDate": "20180216043829",
    "entityTableName": "shop",
    "dto": "mapstruct",
    "pagination": "pagination",
    "service": "serviceImpl",
    "jpaMetamodelFiltering": false,
    "microserviceName": "Adminservices"
}