{
    "fluentMethods": true,
    "relationships": [
        {
            "relationshipName": "country",
            "otherEntityName": "country",
            "relationshipType": "many-to-one",
            "otherEntityField": "id"
        },
        {
            "relationshipType": "one-to-many",
            "relationshipName": "city",
            "otherEntityName": "city",
            "otherEntityRelationshipName": "state"
        }
    ],
    "fields": [
        {
            "fieldName": "name",
            "fieldType": "String"
        }
    ],
    "changelogDate": "20180216043832",
    "entityTableName": "state",
    "dto": "mapstruct",
    "pagination": "pagination",
    "service": "serviceImpl",
    "jpaMetamodelFiltering": false,
    "microserviceName": "Adminservices"
}