<?xml version="1.0" encoding="utf-8"?>
<databaseChangeLog
    xmlns="http://www.liquibase.org/xml/ns/dbchangelog"
    xmlns:xsi="http://www.w3.org/2001/XMLSchema-instance"
    xsi:schemaLocation="http://www.liquibase.org/xml/ns/dbchangelog http://www.liquibase.org/xml/ns/dbchangelog/dbchangelog-3.5.xsd">

    <include file="config/liquibase/changelog/00000000000000_initial_schema.xml" relativeToChangelogFile="false"/>
    <include file="config/liquibase/changelog/20180216043828_added_entity_Organisation.xml" relativeToChangelogFile="false"/>
    <include file="config/liquibase/changelog/20180216043829_added_entity_Shop.xml" relativeToChangelogFile="false"/>
    <include file="config/liquibase/changelog/20180216043830_added_entity_Contact.xml" relativeToChangelogFile="false"/>
    <include file="config/liquibase/changelog/20180216043831_added_entity_Country.xml" relativeToChangelogFile="false"/>
    <include file="config/liquibase/changelog/20180216043832_added_entity_State.xml" relativeToChangelogFile="false"/>
    <include file="config/liquibase/changelog/20180216043833_added_entity_City.xml" relativeToChangelogFile="false"/>
    <include file="config/liquibase/changelog/20180216043834_added_entity_Address.xml" relativeToChangelogFile="false"/>
    <include file="config/liquibase/changelog/20180216043835_added_entity_Generals.xml" relativeToChangelogFile="false"/>
    <!-- jhipster-needle-liquibase-add-changelog - JHipster will add liquibase changelogs here -->
    <include file="config/liquibase/changelog/20180216043828_added_entity_constraints_Organisation.xml" relativeToChangelogFile="false"/>
    <include file="config/liquibase/changelog/20180216043829_added_entity_constraints_Shop.xml" relativeToChangelogFile="false"/>
    <include file="config/liquibase/changelog/20180216043832_added_entity_constraints_State.xml" relativeToChangelogFile="false"/>
    <include file="config/liquibase/changelog/20180216043833_added_entity_constraints_City.xml" relativeToChangelogFile="false"/>
    <include file="config/liquibase/changelog/20180216043834_added_entity_constraints_Address.xml" relativeToChangelogFile="false"/>
    <include file="config/liquibase/changelog/20180216043831_added_entity_constraints_Country.xml" relativeToChangelogFile="false"/>
    <!-- jhipster-needle-liquibase-add-constraints-changelog - JHipster will add liquibase constraints changelogs here -->
</databaseChangeLog>
